sku,wp_post_id,vendor,brand,name,identity_key,primary_ean,lookup_ean,all_eans,shop_status,woo_thumb,woo_kind,vendor_image,in_wholesale_export,has_override,has_cdn_file,has_scraped_file,has_brasty_file,fill_origin,override_url,no_image_bytes_anywhere
BF-B256314,67237,beautyfort,Fudge,Fudge Black Tint Haarfarben Schale,beautyfort:B256314,0987654321234,,,missing,,none,https://www.beautyfort.com/pic/YnNJS0ZRVjMyQlZ0V09ZU2xTL05ScXRoTllvMURGSVE%3D,0,0,0,0,0,,,1
BF-B296502,67238,beautyfort,Emily In Paris,Emily In Paris Gift Set 65ml Body Lotion + 50ml Body Mist + 10ml EDT,beautyfort:B296502,,,,missing,,none,,0,0,0,0,0,,,1
BF-B546492,67239,beautyfort,Estée Lauder,Estée Lauder Advanced Set: Advanced Night Repair Eye Gel 15ml + Sumptuous Extreme Mascara 8ml  + Advanced Night Repair Complex Serum 15ml,beautyfort:B546492,,,,missing,,none,,0,0,0,0,0,,,1
BF-B86397,67240,beautyfort,Baldessarini,Baldessarini Baldessarini Eau de Cologne 50ml Spray Concentrate,beautyfort:B86397,,,,missing,,none,,0,0,0,0,0,,,1
BF-D2386113,67241,beautyfort,Orchid,Orchid Immortals Eau De Parfum 100ml Spray,beautyfort:D2386113,,,,missing,,none,,0,0,0,0,0,,,1
BF-F665351,67242,beautyfort,Emily In Paris,Emily In Paris Gift Set 65ml Shower Gel + 65ml Body Lotion + Mug,beautyfort:F665351,,,,missing,,none,,0,0,0,0,0,,,1
BF-J569981,67243,beautyfort,Louis Cardin,Louis Cardin La Viola Paradise Eau de Parfum 100ml Spray,beautyfort:J569981,,,,missing,,none,,0,0,0,0,0,,,1
BF-J691881,67245,beautyfort,Oleg Cassini,Oleg Cassini Liquid Perfumed Talc 120ml,beautyfort:J691881,,,,missing,,none,https://www.beautyfort.com/pic/R05ONGtIUmNLdWtiNUEyZFFqRnk3YXRoTllvMURGSVE%3D,0,0,0,0,0,,,1
BF-L25469,67246,beautyfort,Montana,Montana Montana Parfum D'Homme Aftershave Balsam 75ml,beautyfort:L25469,,,,missing,,none,https://www.beautyfort.com/pic/cDFrbEFBUC9UWFU0V2xZRGM5UHhranNEWDVYaTNFdlk%3D,0,0,0,0,0,,,1
BF-L25997,67247,beautyfort,Puma,Puma Jam Woman Duschgel 50ml,beautyfort:L25997,,,,missing,,none,https://www.beautyfort.com/pic/ZzJtNXRrVDdyN1k0V2xZRGM5UHhranNEWDVYaTNFdlk%3D,0,0,0,0,0,,,1
BF-L324303,67248,beautyfort,Juicy Couture,Juicy Couture Viva La Juicy Geschenkset 5 ml Viva La Juicy EDP + 5 ml Viva La Juicy Noir EDP,beautyfort:L324303,,,,missing,,none,https://www.beautyfort.com/pic/b2hJSnEwalZwUVdNRmZLb0ZGZWw1S3RoTllvMURGSVE%3D,0,0,0,0,0,,,1
BF-L726677,67249,beautyfort,Sunkissed,Sunkissed HydroGlow Express 12 Hour Hydrating Tanning Mousse 200ml,beautyfort:L726677,,,,missing,,none,https://www.beautyfort.com/pic/MHRGRFdjaHl0SnUxZmc4SFpiQnlSNnRoTllvMURGSVE%3D,0,0,0,0,0,,,1
BF-N0165215,67250,beautyfort,American Crew,American Crew Fiber Styling Cream 85g,beautyfort:N0165215,,,,missing,,none,,0,0,0,0,0,,,1
BF-N2253215,67251,beautyfort,Paris Corner,Paris Corner Ophidian Sweet Surrender Eau de Parfum 100ml Spray,beautyfort:N2253215,,,,missing,,none,,0,0,0,0,0,,,1
BF-N5061215,67252,beautyfort,Armaf,Armaf Le Parfait Discovery Set 7 x 15ml EDP,beautyfort:N5061215,,,,missing,,none,,0,0,0,0,0,,,1
BF-N9967214,67253,beautyfort,Emily In Paris,Emily In Paris Gift Set 335g Bath Crystals + 2 x 80g Bath Fizzers,beautyfort:N9967214,5013692276283,5013692276283,5013692276283,missing,,none,,0,0,0,0,0,,,1
BF-P807230,67254,beautyfort,Sol De Janeiro,Sol De Janeiro Brazilian Bum Bum Body Cream 75ml,beautyfort:P807230,,,,missing,,none,,0,0,0,0,0,,,1
BF-R250212,67255,beautyfort,Escada,Escada Born in Paradise Body Lotion 50ml,beautyfort:R250212,,,,missing,,none,https://www.beautyfort.com/pic/T1JFL0llMDBON2JKUGtEbWlOL2ovRHNEWDVYaTNFdlk%3D,0,0,0,0,0,,,1
BF-T314283,67256,beautyfort,Emily In Paris,Emily In Paris Gift Set 3 Toiletry Bags,beautyfort:T314283,,,,missing,,none,,0,0,0,0,0,,,1
BF-T889282,67257,beautyfort,Louis Cardin,Louis Cardin Elixir Violet Eau de Parfum 100ml Spray,beautyfort:T889282,,,,missing,,none,,0,0,0,0,0,,,1
BF-V201999,67258,beautyfort,Emily In Paris,Emily In Paris Gift Set Paddle Brush + Round Brush + Comb,beautyfort:V201999,,,,missing,,none,,0,0,0,0,0,,,1
BF-Z639431,67259,beautyfort,Lattafa Perfumes,Lattafa Perfumes Bade'e Al Oud Amethyst Gift Set 100ml EDP + 200ml Body Spray + 50ml Hair Mist,beautyfort:Z639431,,,,missing,,none,,0,0,0,0,0,,,1
BF-Z979420,67260,beautyfort,Burberry,Burberry Make-Up Pinsel - No. 5,beautyfort:Z979420,,,,missing,,none,https://www.beautyfort.com/pic/T0ZYTlBvSzRnSy9lN3QrSXJoemJmYXRoTllvMURGSVE%3D,0,0,0,0,0,,,1
BF-U81850,67267,beautyfort,OPI,OPI Nagellack 15ml - Thank Glogg It's Friday!,ean:0000009402210,0000009402210,9402210,9402210,missing,,none,https://www.beautyfort.com/pic/ZUFRTGFHaWFiMDlmNWV1dWtTU0FRRHNEWDVYaTNFdlk%3D,0,0,0,0,0,,,1
BF-P26277,67268,beautyfort,OPI,OPI Nagellack 15ml - Baroque But Still Shopping NLV38,ean:0000009402511,0000009402511,9402511,9402511,missing,,none,https://www.beautyfort.com/pic/YWM0V0N2Wi9LQ28ra3h1SFRNUDgvRHNEWDVYaTNFdlk%3D,0,0,0,0,0,,,1
BF-K94848,67269,beautyfort,OPI,OPI Mustang Nagellack 15ml 50 Years of Style,ean:0000009404616,0000009404616,9404616,9404616,missing,,none,https://www.beautyfort.com/pic/MUZ0SkNVMkZVZXJYTTVWa2xsV3N3VHNEWDVYaTNFdlk%3D,0,0,0,0,0,,,1
BF-E275203,67273,beautyfort,OPI,OPI Nagellack 15ml - With A Nice Finn-Ish,ean:0000009410617,0000009410617,9410617,9410617,missing,,none,https://www.beautyfort.com/pic/ZUFRTGFHaWFiMC84Mkcva3ZZMEp4enNEWDVYaTNFdlk%3D,0,0,0,0,0,,,1
BF-O54112,67274,beautyfort,OPI,OPI Nordic Collection Nagellack 15ml - Do You Have this Colour in Stock-holm?,ean:0000009411111,0000009411111,9411111,9411111,missing,,none,https://www.beautyfort.com/pic/ZUFRTGFHaWFiMDgra3h1SFRNUDgvRHNEWDVYaTNFdlk%3D,0,0,0,0,0,,,1
BF-V551229,67276,beautyfort,OPI,OPI Starlight Nagellack 15ml - Is This Star Taken?,ean:0000009419317,0000009419317,9419317,9419317,missing,,none,https://www.beautyfort.com/pic/aVJUWC92QU1Uek5mNWV1dWtTU0FRRHNEWDVYaTNFdlk%3D,0,0,0,0,0,,,1
BF-O54212,67278,beautyfort,OPI,OPI Brights Nagellack 15ml - The It Color,ean:0000009427015,0000009427015,9427015,9427015,missing,,none,https://www.beautyfort.com/pic/STYyZUQzcmplcmsra3h1SFRNUDgvRHNEWDVYaTNFdlk%3D,0,0,0,0,0,,,1
BF-G644612,67279,beautyfort,OPI,OPI Hong Kong Collection Nagellack 15ml - Suzi Says Feng Shui,ean:0000009429110,0000009429110,9429110,9429110,missing,,none,https://www.beautyfort.com/pic/RTg3blJqeW5vNWFEZjNnWHV0cnllVHNEWDVYaTNFdlk%3D,0,0,0,0,0,,,1
BF-M053417,67280,beautyfort,OPI,OPI Coca Cola Nagellack 15ml - Turn The Haute Light,ean:0000009434510,0000009434510,9434510,9434510,missing,,none,https://www.beautyfort.com/pic/eUJkQXNFNmIwOFU0V2xZRGM5UHhranNEWDVYaTNFdlk%3D,0,0,0,0,0,,,1
BF-C481016,67281,beautyfort,OPI,OPI Nagellack 15ml - Can't aFjörd Not To,ean:0000009439214,0000009439214,9439214,9439214,missing,,none,https://www.beautyfort.com/pic/STYyZUQzcmplcmxVWnZqcjF2cnZzVHNEWDVYaTNFdlk%3D,0,0,0,0,0,,,1
BF-L003644,67282,beautyfort,OPI,OPI Infinite Shine 2 Nail Polish 15 ml - Lincoln Park After Dark,ean:0000009443013,0000009443013,9443013,9443013,missing,,none,https://www.beautyfort.com/pic/QUxQU2F4eFFZUlA4Mkcva3ZZMEp4enNEWDVYaTNFdlk%3D,0,0,0,0,0,,,1
BF-P97230,67283,beautyfort,OPI,OPI Touring America Nagellack 15ml - Get In The Expresso Lane,ean:0000009443615,0000009443615,9443615,9443615,missing,,none,https://www.beautyfort.com/pic/NWlFMTNwbUpSc3pKUGtEbWlOL2ovRHNEWDVYaTNFdlk%3D,0,0,0,0,0,,,1
BF-M247415,67284,beautyfort,OPI,OPI Nordic Collection Nagellack 15ml - Suzi Has A Swede Tooth,ean:0000009448018,0000009448018,9448018,9448018,missing,,none,https://www.beautyfort.com/pic/STYyZUQzcmplcms0V2xZRGM5UHhranNEWDVYaTNFdlk%3D,0,0,0,0,0,,,1
BF-P268611,67286,beautyfort,OPI,OPI Infinite Shine Nail Polish 15ml - I Can Never Hut Up,ean:0000009455018,0000009455018,9455018,9455018,missing,,none,https://www.beautyfort.com/pic/TnUrdVVyUEVxaUE0V2xZRGM5UHhranNEWDVYaTNFdlk%3D,0,0,0,0,0,,,1
BF-W338314,67288,beautyfort,OPI,OPI Euro Centrale Nagellack 15ml I Saw...U Saw...We Saw...Warsaw,ean:0000009460214,0000009460214,9460214,9460214,missing,,none,https://www.beautyfort.com/pic/VVRBUjFjSytiSGtCNVRLRWwxeXVuanNEWDVYaTNFdlk%3D,0,0,0,0,0,,,1
BF-E715168,67289,beautyfort,OPI,OPI Brazil Nagellack 15ml I Just Can't Cope-Acabana,ean:0000009461912,0000009461912,9461912,9461912,missing,,none,https://www.beautyfort.com/pic/bXdOSmhmNTh1K3o4Mkcva3ZZMEp4enNEWDVYaTNFdlk%3D,0,0,0,0,0,,,1
BF-V61929,67290,beautyfort,OPI,OPI San Francisco Nagellack 15ml Incognito in Sausalito,ean:0000009462319,0000009462319,9462319,9462319,missing,,none,https://www.beautyfort.com/pic/VnlnZ3NDWGg2R0lCNVRLRWwxeXVuanNEWDVYaTNFdlk%3D,0,0,0,0,0,,,1
BF-D496108,67293,beautyfort,OPI,OPI San Francisco Nail Lacquer 15ml Dining Al Fresco,ean:0000009464210,0000009464210,9464210,9464210,missing,,none,https://www.beautyfort.com/pic/VnlnZ3NDWGg2R0w4Mkcva3ZZMEp4enNEWDVYaTNFdlk%3D,0,0,0,0,0,,,1
BF-L26201,67294,beautyfort,OPI,OPI San Francisco Nail Lacquer 15ml Keeping Suzi at Bay,ean:0000009466412,0000009466412,9466412,9466412,missing,,none,https://www.beautyfort.com/pic/ME42R0R5TDdVaGM0V2xZRGM5UHhranNEWDVYaTNFdlk%3D,0,0,0,0,0,,,1
BF-K64848,67295,beautyfort,OPI,OPI Nordic Nagellack 15ml How Great Is Your Dane?,ean:0000009467712,0000009467712,9467712,9467712,missing,,none,https://www.beautyfort.com/pic/US81M011c2NZVFRYTTVWa2xsV3N3VHNEWDVYaTNFdlk%3D,0,0,0,0,0,,,1
BF-U57856,67296,beautyfort,OPI,OPI Nordic Nagellack 15ml Ice-Bergers & Fries,ean:0000009468119,0000009468119,9468119,9468119,missing,,none,https://www.beautyfort.com/pic/US81M011c2NZVFJmNWV1dWtTU0FRRHNEWDVYaTNFdlk%3D,0,0,0,0,0,,,1
BF-E315226,67298,beautyfort,OPI,OPI Coca Cola Nagellack 15ml A Grape Affair,ean:0000009471812,0000009471812,9471812,9471812,missing,,none,https://www.beautyfort.com/pic/US81M011c2NZVFQ4Mkcva3ZZMEp4enNEWDVYaTNFdlk%3D,0,0,0,0,0,,,1
BF-K74724,67301,beautyfort,OPI,OPI Swiss Collection Nagellack 15ml - Ski Teal We Drop,ean:0000009478514,0000009478514,9478514,9478514,missing,,none,https://www.beautyfort.com/pic/c2JDamxCL3ozbm5YTTVWa2xsV3N3VHNEWDVYaTNFdlk%3D,0,0,0,0,0,,,1
BF-W789317,67304,beautyfort,OPI,OPI Nagellack 15ml - Going My Way Or Norway?,ean:0000009481819,0000009481819,9481819,9481819,missing,,none,https://www.beautyfort.com/pic/STYyZUQzcmplcmtCNVRLRWwxeXVuanNEWDVYaTNFdlk%3D,0,0,0,0,0,,,1
BF-G248615,67305,beautyfort,OPI,OPI Nordic Collection Nagellack 15ml - My Voice Is A Little Norse,ean:0000009486212,0000009486212,9486212,9486212,missing,,none,https://www.beautyfort.com/pic/STYyZUQzcmplcm1EZjNnWHV0cnllVHNEWDVYaTNFdlk%3D,0,0,0,0,0,,,1
BF-Q791270,67306,beautyfort,OPI,OPI Nordic Collection Nagellack 15ml - Skating On Thin Ice-Land,ean:0000009486513,0000009486513,9486513,9486513,missing,,none,https://www.beautyfort.com/pic/STYyZUQzcmplcm5KUGtEbWlOL2ovRHNEWDVYaTNFdlk%3D,0,0,0,0,0,,,1
BF-A546652,67307,beautyfort,OPI,OPI Nordic Nagellack 15ml My Dogsled Is Hybrid,ean:0000009487318,0000009487318,9487318,9487318,missing,,none,https://www.beautyfort.com/pic/MUZ0SkNVMkZVZW9VZHA5aVI0czVMRHNEWDVYaTNFdlk%3D,0,0,0,0,0,,,1
BF-P50276,67308,beautyfort,OPI,OPI Starlight Nagellack 15ml - Superstar Status,ean:0000009489510,0000009489510,9489510,9489510,missing,,none,https://www.beautyfort.com/pic/emg0RXFjcWRhbk0ra3h1SFRNUDgvRHNEWDVYaTNFdlk%3D,0,0,0,0,0,,,1
BF-A287452,67309,beautyfort,OPI,OPI Nagellack 15ml - Viking In Vinter Vonderland,ean:0000009490312,0000009490312,9490312,9490312,missing,,none,https://www.beautyfort.com/pic/STYyZUQzcmplcmtVZHA5aVI0czVMRHNEWDVYaTNFdlk%3D,0,0,0,0,0,,,1
BTS-414237,78015,bts,DIOR,Dior Forever Glow Maximizer 018,ean:3348901765978,3348901765978,3348901765978,3348901765978,missing,,none,https://images.btswholesaler.com/imgs/productos_cosmetica/imagenes/no_image.webp,0,0,0,0,0,,,1
BTS-369536,100987,bts,ACQUA DI PARMA,Acqua Di Parma Yuzu Hand And Body Wash 300ml,ean:8028713813573,8028713813573,8028713813573,8028713813573,hidden_unusable_thumb,,none,https://images.btswholesaler.com/imgs/productos_cosmetica/imagenes/8028713813573.webp,0,0,0,0,0,,,1
BF-F591351,120389,beautyfort,Umbro,Umbro Action Gift Set 6 x 400ml Body Wash,beautyfort:F591351,,,,missing,,none,,0,0,0,0,0,,,1
BF-J571781,120390,beautyfort,Umbro,Umbro Power Set 6 x 150ml Deodorant Spray,beautyfort:J571781,,,,missing,,none,,0,0,0,0,0,,,1
BF-L126684,120391,beautyfort,Wella,Wella Color Brilliance Conditioner Course Hair 1000ml,beautyfort:L126684,,,,missing,,none,,0,0,0,0,0,,,1
BF-P307233,120392,beautyfort,Emily In Paris,Emily In Paris Sheet Face Mask 25ml - Light Pink,beautyfort:P307233,,,,missing,,none,,0,0,0,0,0,,,1
BF-P325233,120393,beautyfort,Emily In Paris,Emily In Paris Sheet Face Mask 25ml - Dark Pink,beautyfort:P325233,,,,missing,,none,,0,0,0,0,0,,,1
BF-P827231,120394,beautyfort,Umbro,Umbro Energy Gift Set 6 x 400ml Body Wash,beautyfort:P827231,,,,missing,,none,,0,0,0,0,0,,,1
BF-T119279,120395,beautyfort,Umbro,Umbro Ice Deodorant Spray Set 6 x 150ml,beautyfort:T119279,,,,missing,,none,,0,0,0,0,0,,,1
BF-V021951,120396,beautyfort,Umbro,Umbro Action Deodorant Spray 6 x 150ml,beautyfort:V021951,,,,missing,,none,,0,0,0,0,0,,,1
BF-Z325433,120397,beautyfort,Emily In Paris,Emily In Paris Sheet Face Mask 25ml - Blue,beautyfort:Z325433,,,,missing,,none,,0,0,0,0,0,,,1
BF-B256314,120616,beautyfort,Fudge,Fudge Black Tint Haarfarben Schale,ean:0987654321234,0987654321234,,,missing,,none,https://www.beautyfort.com/pic/YnNJS0ZRVjMyQlZ0V09ZU2xTL05ScXRoTllvMURGSVE%3D,0,0,0,0,0,,,1
BF-U85844,121513,beautyfort,Clinique,Clinique Foaming Sonic Facial Soap 150ml,ean:0020714672164,0020714672164,20714672164,20714672164,missing,,none,https://www.beautyfort.com/pic/YVlmSVZqeWs4RTlmNWV1dWtTU0FRRHNEWDVYaTNFdlk%3D,1,0,0,0,0,export_ean_only_no_url,,1
BF-T329252,121514,beautyfort,Liu Jo,Liu Jo Lovely U Eau de Parfum 100 ml Spray,ean:0810876039956,0810876039956,810876039956,810876039956,missing,,none,https://www.beautyfort.com/pic/akNxNUdmTHRYaGFVQmNGSC9vdXViYXRoTllvMURGSVE%3D,1,0,0,0,0,export_ean_only_no_url,,1
BTS-346423,121520,bts,ALMA SECRET,Alma Secret Cleopatra Reparadora De Manos 100ml,ean:8436568711386,8436568711386,8436568711386,8436568711386,missing,,none,https://images.btswholesaler.com/imgs/productos_cosmetica/imagenes/no_image.webp,0,0,0,0,0,,,1
BF-Z747434,121523,beautyfort,Aeropostale,Aeropostale Exotic Plum Body Mist 237ml Spray,ean:0810044120356,0810044120356,810044120356,810044120356,missing,,none,,0,0,0,0,0,,,1
BF-B196521,121524,beautyfort,Aeropostale,Aeropostale Wild Orchid Body Mist 237ml Spray,ean:0810044120363,0810044120363,810044120363,810044120363,missing,,none,,0,0,0,0,0,,,1
BF-D6106121,121525,beautyfort,Aeropostale,Aeropostale Golden Hour Body Mist 237ml Spray,ean:0810044120998,0810044120998,810044120998,810044120998,missing,,none,,0,0,0,0,0,,,1
BF-J737281,121526,beautyfort,Aeropostale,Aeropostale Twilight Dreams Body Mist 237ml Spray,ean:0819029018503,0819029018503,819029018503,819029018503,missing,,none,,0,0,0,0,0,,,1
BF-N6357215,121527,beautyfort,Aeropostale,Aeropostale Starry Night Body Mist 237ml Spray,ean:0819029019500,0819029019500,819029019500,819029019500,missing,,none,,0,0,0,0,0,,,1
BF-P753234,121529,beautyfort,Police,Police Goodvibes Perfumed Body Lotion 100ml,ean:0679602186704,0679602186704,679602186704,679602186704,missing,,none,,0,0,0,0,0,,,1
BF-F737651,121530,beautyfort,Aeropostale,Aeropostale Magnolia & Grapefruit Body Mist 237ml Spray,ean:0819029019395,0819029019395,819029019395,819029019395,missing,,none,,0,0,0,0,0,,,1
BF-J737581,121531,beautyfort,Aeropostale,Aeropostale Sage & Honeysuckle Body Mist 237ml Spray,ean:0819029019432,0819029019432,819029019432,819029019432,missing,,none,,0,0,0,0,0,,,1
BF-L326951,121532,beautyfort,Furla,Furla Unica Perfumed Body Lotion 75ml,ean:0679602402705,0679602402705,679602402705,679602402705,missing,,none,,0,0,0,0,0,,,1
BF-J737781,121533,beautyfort,Aeropostale,Aeropostale Flower Crown Body Mist 237ml Spray,ean:0810044120387,0810044120387,810044120387,810044120387,missing,,none,,0,0,0,0,0,,,1
BF-N6402215,121534,beautyfort,Aeropostale,Aeropostale Pink Mango Body Mist 237ml Spray,ean:0810044122152,0810044122152,810044122152,810044122152,missing,,none,,0,0,0,0,0,,,1
BF-D6456121,121535,beautyfort,Aeropostale,Aeropostale Peach & Daisy Body Mist 237ml Spray,ean:0810044122688,0810044122688,810044122688,810044122688,missing,,none,,0,0,0,0,0,,,1
BF-T889286,121536,beautyfort,Aeropostale,Aeropostale Kiwi Melon Body Mist 237ml Spray,ean:0810044125252,0810044125252,810044125252,810044125252,missing,,none,,0,0,0,0,0,,,1
BF-B346521,121537,beautyfort,Aeropostale,Aeropostale Blushing Body Mist 237ml Spray,ean:0819029019456,0819029019456,819029019456,819029019456,missing,,none,,0,0,0,0,0,,,1
BF-X723723,121538,beautyfort,Madonna,Madonna Bloom Eau de Toilette 50 ml Spray,ean:5013692247887,5013692247887,5013692247887,5013692247887,missing,,none,https://www.beautyfort.com/pic/MWZUc0p4Q1luVi9KUGtEbWlOL2ovRHNEWDVYaTNFdlk%3D,0,0,0,0,0,,,1
BF-P889232,121539,beautyfort,Sunkissed,Sunkissed Shower Whip Pomegranate Shower Foam 250ml,ean:5055193549909,5055193549909,5055193549909,5055193549909,missing,,none,https://www.beautyfort.com/pic/ZEd5R2ZiNERhaFp3ZVlENnQxNk55NnRoTllvMURGSVE%3D,0,0,0,0,0,,,1
BF-N8293214,121540,beautyfort,Sunkissed,Sunkissed Shower Whip Winter Berry Shower Foam 250ml,ean:5055193551568,5055193551568,5055193551568,5055193551568,missing,,none,https://www.beautyfort.com/pic/NnVFeTk5N3VTRU9EWXE4MHJzQnVNS3RoTllvMURGSVE%3D,0,0,0,0,0,,,1
BF-J737881,121541,beautyfort,Aeropostale,Aeropostale Rose Colored World Body Mist 237ml Spray,ean:0810044120394,0810044120394,810044120394,810044120394,missing,,none,,0,0,0,0,0,,,1
BF-I708585,121543,beautyfort,Paco Rabanne,Paco Rabanne Invictus Aqua (2018) Eau de Toilette 100 ml Spray,ean:3349668562794,3349668562794,3349668562794,3349668562794,missing,,none,https://www.beautyfort.com/pic/eUVpbGNiMG9neUpVWnZqcjF2cnZzVHNEWDVYaTNFdlk%3D,0,0,0,0,0,,,1
BF-L125906,121544,beautyfort,Jimmy Choo,Jimmy Choo I Want Choo Forever Geschenkset 100ml EDP + 100ml Körper Lotion + 7.5ml EDP,ean:3386460134422,3386460134422,3386460134422,3386460134422,missing,,none,https://www.beautyfort.com/pic/TWxUeWdxVUhsUGxrK0RxSk0yYVczNnRoTllvMURGSVE%3D,0,0,0,0,0,,,1
BF-V301956,121545,beautyfort,Jimmy Choo,Jimmy Choo I Want Choo Forever Gift Set 100ml EDP + 7.5ml EDP,ean:3386460156028,3386460156028,3386460156028,3386460156028,missing,,none,https://www.beautyfort.com/pic/U1pld0JVYlljR0l6VmFWQUlGdE8wYXRoTllvMURGSVE%3D,0,0,0,0,0,,,1
BF-D7166108,121558,beautyfort,Rituals,Rituals The Ritual of Karma Mini Gift Set 70ml Body Cream + 50ml Foaming Shower Gel,ean:8719134170153,8719134170153,8719134170153,8719134170153,missing,,none,https://www.beautyfort.com/pic/NDVkQksrelBDUUZTVEQwZC90UktiS3RoTllvMURGSVE%3D,0,0,0,0,0,,,1
BF-B376521,121575,beautyfort,Aeropostale,Aeropostale Floral Passion Body Mist 237ml Spray,ean:0810044120370,0810044120370,810044120370,810044120370,missing,,none,,0,0,0,0,0,,,1
BF-N6411215,121576,beautyfort,Aeropostale,Aeropostale Berries & Cream Body Body Mist 237ml Spray,ean:0810044125269,0810044125269,810044125269,810044125269,missing,,none,,0,0,0,0,0,,,1
BF-B956442,121578,beautyfort,Jimmy Choo,Jimmy Choo I Want Choo Forever Geschenk-Set 60ml EDP + 100ml Körperlotion,ean:3386460138246,3386460138246,3386460138246,3386460138246,missing,,none,https://www.beautyfort.com/pic/TWxUeWdxVUhsUGx0V09ZU2xTL05ScXRoTllvMURGSVE%3D,0,0,0,0,0,,,1
BF-N9967214,121581,beautyfort,Emily In Paris,Emily In Paris Gift Set 335g Bath Crystals + 2 x 80g Bath Fizzers,ean:5013692276283,5013692276283,5013692276283,5013692276283,missing,,none,,0,0,0,0,0,,,1
BF-D9626116,121588,beautyfort,Lalique,Lalique Soleil Hair Mist 50ml,ean:7640171196381,7640171196381,7640171196381,7640171196381,missing,,none,,0,0,0,0,0,,,1
BF-L26413,121590,beautyfort,Taylor of London,Taylor of London Lace Body Spray 75ml,ean:0025929180183,0025929180183,25929180183,25929180183,missing,,none,https://www.beautyfort.com/pic/NEJBQ1RFRFFrRVE0V2xZRGM5UHhranNEWDVYaTNFdlk%3D,0,0,0,0,0,,,1
BF-G87848,121591,beautyfort,Taylor of London,Taylor of London White Satin Body Spray 75ml,ean:0025929180480,0025929180480,25929180480,25929180480,missing,,none,https://www.beautyfort.com/pic/d01aYUJFeWdib2RkTXdJWjliTlhWeGJVL3J5MVFUam4%3D,0,0,0,0,0,,,1
BF-Z207423,121598,beautyfort,Collection,Collection Incredibrow Brow Definer Pencil 1g - Blonde,ean:5020480550036,5020480550036,5020480550036,5020480550036,missing,,none,https://www.beautyfort.com/pic/S3hPQVZvMEhSWjNNTjZ0T09pako4S3RoTllvMURGSVE%3D,0,0,0,0,0,,,1
BF-U410217,121603,beautyfort,Impulse,Impulse Tease Body Spray 75 ml,ean:8717163020524,8717163020524,8717163020524,8717163020524,missing,,none,https://www.beautyfort.com/pic/bCt1T2hwM3RIV0Ura3h1SFRNUDgvRHNEWDVYaTNFdlk%3D,0,0,0,0,0,,,1
BF-P061234,121604,beautyfort,Brut,Brut Original Shower Gel 600ml,ean:8720665000192,8720665000192,8720665000192,8720665000192,missing,,none,https://www.beautyfort.com/pic/NDc4RFdDTVNJOFE2cVIwTk50WjRRS3RoTllvMURGSVE%3D,0,0,0,0,0,,,1
BF-F678951,121606,beautyfort,Baylis & Harding,"Baylis & Harding Jojoba, Vanilla & Almond Oil Luxury Gift Set Bath Bomb Fizzers 3 x 120G",ean:0017854110175,0017854110175,17854110175,17854110175,missing,,none,,0,0,0,0,0,,,1
BF-E091342,121607,beautyfort,Rimmel,Rimmel Salon Pro By Kate Nagellack 12ml - 444 Seduce,ean:3607342754010,3607342754010,3607342754010,3607342754010,missing,,none,https://www.beautyfort.com/pic/djNEVFJlRnhVUEZVWnZqcjF2cnZzVHNEWDVYaTNFdlk%3D,0,0,0,0,0,,,1
BF-C481755,121608,beautyfort,Rimmel,Rimmel Salon Pro By Kate Nagellack 12ml - 134 Moon,ean:3614220235936,3614220235936,3614220235936,3614220235936,missing,,none,https://www.beautyfort.com/pic/bHF6SE9pZkJnalFVZHA5aVI0czVMRHNEWDVYaTNFdlk%3D,0,0,0,0,0,,,1
BF-B006456,121609,beautyfort,Elegant Touch,Elegant Touch Oval 24 False Nails with Glue - Next Stop New York,ean:5011522114873,5011522114873,5011522114873,5011522114873,missing,,none,,0,0,0,0,0,,,1
BF-N6800213,121610,beautyfort,Elegant Touch,Elegant Touch Oval 24 False Nails with Glue - Ibiza Holiday,ean:5011522116594,5011522116594,5011522116594,5011522116594,missing,,none,,0,0,0,0,0,,,1
BF-L126080,121611,beautyfort,Elegant Touch,Elegant Touch Oval 24 Falsche Nägel mit Kleber - Süßes Herz Romantik,ean:5011522117058,5011522117058,5011522117058,5011522117058,missing,,none,https://www.beautyfort.com/pic/eHRoTHZrNk93SkxnZGpERmFjbEd6NnRoTllvMURGSVE%3D,0,0,0,0,0,,,1
BF-L126068,121612,beautyfort,Silkia,Silkia Hair Removal Cream With Aloe Vera 100ml,ean:5017371146515,5017371146515,5017371146515,5017371146515,missing,,none,,0,0,0,0,0,,,1
BF-Z451430,121613,beautyfort,Murrays Manicure,Murrays Manicure Full False Eyelashes,ean:5018632035746,5018632035746,5018632035746,5018632035746,missing,,none,,0,0,0,0,0,,,1
BF-F550051,121614,beautyfort,Murrays Manicure,Murrays Manicure Laser False Nails 24 Nails - Nude,ean:5018632133039,5018632133039,5018632133039,5018632133039,missing,,none,,0,0,0,0,0,,,1
BF-V521913,121615,beautyfort,Murrays Manicure,Murrays Manicure TQ Straight Nail Scissors,ean:5018632139055,5018632139055,5018632139055,5018632139055,missing,,none,,0,0,0,0,0,,,1
BF-F522551,121616,beautyfort,Murrays Manicure,Murrays Manicure TQ Eyecolour Smudger,ean:5018632139192,5018632139192,5018632139192,5018632139192,missing,,none,,0,0,0,0,0,,,1
BF-J522681,121617,beautyfort,W7,W7 A Good Hiding Sponge Concealer Pen 2.4g,ean:5060406146240,5060406146240,5060406146240,5060406146240,missing,,none,,0,0,0,0,0,,,1
BF-L526090,121618,beautyfort,W7,W7 Nail Polish 15ml - 90 Candy Floss,ean:5060406148497,5060406148497,5060406148497,5060406148497,missing,,none,,0,0,0,0,0,,,1
BF-F318451,121619,beautyfort,W7,W7 Matte Dreamer Loose Face Powder 20g,ean:5060503753426,5060503753426,5060503753426,5060503753426,missing,,none,,0,0,0,0,0,,,1
BF-D5636116,121624,beautyfort,Tom Ford,Tom Ford Ultra-Shine Lip Colour 3.3g - 20 Riviera,ean:0888066137034,0888066137034,888066137034,888066137034,missing,,none,,0,0,0,0,0,,,1
BF-Z99424,121626,beautyfort,Escada,Escada Especially Escada Delicate Notes Eau de Toilette 50ml Spray,ean:0737052565064,0737052565064,737052565064,737052565064,missing,,none,https://www.beautyfort.com/pic/aTBxYlI4RGFjN29VZHA5aVI0czVMRHNEWDVYaTNFdlk%3D,0,0,0,0,0,,,1
BTS-319827,121640,bts,ALTERNA,Alterna Caviar Anti-Aging Restructuring Bond Repair Conditioner 40ml,ean:0873509030416,0873509030416,873509030416,873509030416,missing,,none,https://images.btswholesaler.com/imgs/productos_cosmetica/imagenes/no_image.webp,0,0,0,0,0,,,1
BTS-334042,121675,bts,SCHWARZKOPF,Schwarzkopf Ir 6-16 60ml,ean:4045787479195,4045787479195,4045787479195,4045787479195,missing,,none,https://images.btswholesaler.com/imgs/productos_cosmetica/imagenes/no_image.webp,0,0,0,0,0,,,1
BTS-334040,121676,bts,SCHWARZKOPF,Schwarzkopf Ir 5-16 60ml,ean:4045787479232,4045787479232,4045787479232,4045787479232,missing,,none,https://images.btswholesaler.com/imgs/productos_cosmetica/imagenes/no_image.webp,0,0,0,0,0,,,1
BTS-334041,121677,bts,SCHWARZKOPF,Schwarzkopf Ir 5-21 60ml,ean:4045787479270,4045787479270,4045787479270,4045787479270,missing,,none,https://images.btswholesaler.com/imgs/productos_cosmetica/imagenes/no_image.webp,0,0,0,0,0,,,1
BTS-334046,121678,bts,SCHWARZKOPF,Schwarzkopf Ir 7-21 60ml,ean:4045787479317,4045787479317,4045787479317,4045787479317,missing,,none,https://images.btswholesaler.com/imgs/productos_cosmetica/imagenes/no_image.webp,0,0,0,0,0,,,1
BTS-334061,121681,bts,SCHWARZKOPF,Schwarzkopf Ira 7-140 60ml,ean:4045787623222,4045787623222,4045787623222,4045787623222,missing,,none,https://images.btswholesaler.com/imgs/productos_cosmetica/imagenes/no_image.webp,0,0,0,0,0,,,1
BTS-334063,121682,bts,SCHWARZKOPF,Schwarzkopf Ira 7-460 60ml,ean:4045787623383,4045787623383,4045787623383,4045787623383,missing,,none,https://images.btswholesaler.com/imgs/productos_cosmetica/imagenes/no_image.webp,0,0,0,0,0,,,1
BTS-334067,121683,bts,SCHWARZKOPF,Schwarzkopf Ira 9-140 60ml,ean:4045787623468,4045787623468,4045787623468,4045787623468,missing,,none,https://images.btswholesaler.com/imgs/productos_cosmetica/imagenes/no_image.webp,0,0,0,0,0,,,1
BTS-334068,121684,bts,SCHWARZKOPF,Schwarzkopf Ira 9-460 60ml,ean:4045787623505,4045787623505,4045787623505,4045787623505,missing,,none,https://images.btswholesaler.com/imgs/productos_cosmetica/imagenes/no_image.webp,0,0,0,0,0,,,1
BTS-334060,121685,bts,SCHWARZKOPF,Schwarzkopf Ira 6-460 60ml,ean:4045787631647,4045787631647,4045787631647,4045787631647,missing,,none,https://images.btswholesaler.com/imgs/productos_cosmetica/imagenes/no_image.webp,0,0,0,0,0,,,1
BTS-334062,121686,bts,SCHWARZKOPF,Schwarzkopf Ira 7-450 60ml,ean:4045787632200,4045787632200,4045787632200,4045787632200,missing,,none,https://images.btswholesaler.com/imgs/productos_cosmetica/imagenes/no_image.webp,0,0,0,0,0,,,1
BTS-334064,121687,bts,SCHWARZKOPF,Schwarzkopf Ira 7-560 60ml,ean:4045787632248,4045787632248,4045787632248,4045787632248,missing,,none,https://images.btswholesaler.com/imgs/productos_cosmetica/imagenes/no_image.webp,0,0,0,0,0,,,1
BTS-334065,121688,bts,SCHWARZKOPF,Schwarzkopf Ira 8-01 60ml,ean:4045787632323,4045787632323,4045787632323,4045787632323,missing,,none,https://images.btswholesaler.com/imgs/productos_cosmetica/imagenes/no_image.webp,0,0,0,0,0,,,1
BTS-334066,121689,bts,SCHWARZKOPF,Schwarzkopf Ira 8-140 60ml,ean:4045787632361,4045787632361,4045787632361,4045787632361,missing,,none,https://images.btswholesaler.com/imgs/productos_cosmetica/imagenes/no_image.webp,0,0,0,0,0,,,1
BTS-334069,121690,bts,SCHWARZKOPF,Schwarzkopf Ira 9-560 60ml,ean:4045787632408,4045787632408,4045787632408,4045787632408,missing,,none,https://images.btswholesaler.com/imgs/productos_cosmetica/imagenes/no_image.webp,0,0,0,0,0,,,1
BTS-334043,121691,bts,SCHWARZKOPF,Schwarzkopf Ir 6-23 60ml Dfinlep,ean:4045787850987,4045787850987,4045787850987,4045787850987,missing,,none,https://images.btswholesaler.com/imgs/productos_cosmetica/imagenes/no_image.webp,0,0,0,0,0,,,1
BTS-334045,121692,bts,SCHWARZKOPF,Schwarzkopf Ir 7-13 60ml Dfinlep,ean:4045787851229,4045787851229,4045787851229,4045787851229,missing,,none,https://images.btswholesaler.com/imgs/productos_cosmetica/imagenes/no_image.webp,0,0,0,0,0,,,1
BTS-334049,121693,bts,SCHWARZKOPF,Schwarzkopf Ir 9-11 60ml Dfinlep,ean:4045787851380,4045787851380,4045787851380,4045787851380,missing,,none,https://images.btswholesaler.com/imgs/productos_cosmetica/imagenes/no_image.webp,0,0,0,0,0,,,1
BTS-334050,121694,bts,SCHWARZKOPF,Schwarzkopf Ir 9-19 60ml Dfinlep,ean:4045787851441,4045787851441,4045787851441,4045787851441,missing,,none,https://images.btswholesaler.com/imgs/productos_cosmetica/imagenes/no_image.webp,0,0,0,0,0,,,1
BTS-334044,121695,bts,SCHWARZKOPF,Schwarzkopf Ir 6-31 60ml Dfinlep,ean:4045787851489,4045787851489,4045787851489,4045787851489,missing,,none,https://images.btswholesaler.com/imgs/productos_cosmetica/imagenes/no_image.webp,0,0,0,0,0,,,1
BTS-334099,121696,bts,SCHWARZKOPF,Schwarzkopf Bm Lift y Blend Biscuit 60ml Engfeptr,ean:4045787922288,4045787922288,4045787922288,4045787922288,missing,,none,https://images.btswholesaler.com/imgs/productos_cosmetica/imagenes/no_image.webp,0,0,0,0,0,,,1
BTS-334098,121697,bts,SCHWARZKOPF,Schwarzkopf Bm Lift y Blend Ash 60ml Engfeptr,ean:4045787922363,4045787922363,4045787922363,4045787922363,missing,,none,https://images.btswholesaler.com/imgs/productos_cosmetica/imagenes/no_image.webp,0,0,0,0,0,,,1
BTS-334101,121698,bts,SCHWARZKOPF,Schwarzkopf Bm Lift y Blend Ice 60ml Engfeptr,ean:4045787922448,4045787922448,4045787922448,4045787922448,missing,,none,https://images.btswholesaler.com/imgs/productos_cosmetica/imagenes/no_image.webp,0,0,0,0,0,,,1
BTS-334102,121699,bts,SCHWARZKOPF,Schwarzkopf Bm Lift y Blend Ice-Irise 60ml Engfeptr,ean:4045787922486,4045787922486,4045787922486,4045787922486,missing,,none,https://images.btswholesaler.com/imgs/productos_cosmetica/imagenes/no_image.webp,0,0,0,0,0,,,1
BTS-334103,121700,bts,SCHWARZKOPF,Schwarzkopf Bm Lift y Blend Sand 60ml Engfeptr,ean:4045787922523,4045787922523,4045787922523,4045787922523,missing,,none,https://images.btswholesaler.com/imgs/productos_cosmetica/imagenes/no_image.webp,0,0,0,0,0,,,1
BTS-334109,121701,bts,SCHWARZKOPF,Schwarzkopf Bm Lifting Steel Bl 60 Engfeptr,ean:4045787922844,4045787922844,4045787922844,4045787922844,missing,,none,https://images.btswholesaler.com/imgs/productos_cosmetica/imagenes/no_image.webp,0,0,0,0,0,,,1
BTS-334108,121702,bts,SCHWARZKOPF,Schwarzkopf Bm Lifting Sand 60 Engfeptr,ean:4045787922882,4045787922882,4045787922882,4045787922882,missing,,none,https://images.btswholesaler.com/imgs/productos_cosmetica/imagenes/no_image.webp,0,0,0,0,0,,,1
BTS-334106,121703,bts,SCHWARZKOPF,Schwarzkopf Bm Lifting Ice 60 Engfeptr,ean:4045787922929,4045787922929,4045787922929,4045787922929,missing,,none,https://images.btswholesaler.com/imgs/productos_cosmetica/imagenes/no_image.webp,0,0,0,0,0,,,1
BTS-334104,121704,bts,SCHWARZKOPF,Schwarzkopf Bm Lifting Ash 60ml Engftrep,ean:4045787922967,4045787922967,4045787922967,4045787922967,missing,,none,https://images.btswholesaler.com/imgs/productos_cosmetica/imagenes/no_image.webp,0,0,0,0,0,,,1
BTS-334107,121705,bts,SCHWARZKOPF,Schwarzkopf Bm Lifting Ice-Ir 60ml Engftrep,ean:4045787924084,4045787924084,4045787924084,4045787924084,missing,,none,https://images.btswholesaler.com/imgs/productos_cosmetica/imagenes/no_image.webp,0,0,0,0,0,,,1
BTS-334093,121706,bts,SCHWARZKOPF,Schwarzkopf Bm Bleach y Tone Violet 60 Engfeptr,ean:4045787924640,4045787924640,4045787924640,4045787924640,missing,,none,https://images.btswholesaler.com/imgs/productos_cosmetica/imagenes/no_image.webp,0,0,0,0,0,,,1
BTS-334091,121707,bts,SCHWARZKOPF,Schwarzkopf Bm Bleach y Tone Ash 60 Engfeptr,ean:4045787924664,4045787924664,4045787924664,4045787924664,missing,,none,https://images.btswholesaler.com/imgs/productos_cosmetica/imagenes/no_image.webp,0,0,0,0,0,,,1
BTS-334092,121708,bts,SCHWARZKOPF,Schwarzkopf Bm Bleach y Tone Matt 60 Engfeptr,ean:4045787926408,4045787926408,4045787926408,4045787926408,missing,,none,https://images.btswholesaler.com/imgs/productos_cosmetica/imagenes/no_image.webp,0,0,0,0,0,,,1
BTS-335415,121709,bts,SCHWARZKOPF,Schwarzkopf Osis Air Whip 200ml Engepsdknofinf,ean:4045787936254,4045787936254,4045787936254,4045787936254,missing,,none,https://images.btswholesaler.com/imgs/productos_cosmetica/imagenes/no_image.webp,0,0,0,0,0,,,1
BTS-335413,121710,bts,SCHWARZKOPF,Schwarzkopf Osis Velvet 200ml Engepsdknofinf,ean:4045787936377,4045787936377,4045787936377,4045787936377,missing,,none,https://images.btswholesaler.com/imgs/productos_cosmetica/imagenes/no_image.webp,0,0,0,0,0,,,1
BTS-351648,121711,bts,SCHWARZKOPF,Schwarzkopf Ira Sw Gris Lilácea 60ml,ean:4045787955538,4045787955538,4045787955538,4045787955538,missing,,none,https://images.btswholesaler.com/imgs/productos_cosmetica/imagenes/no_image.webp,0,0,0,0,0,,,1
BTS-351647,121712,bts,SCHWARZKOPF,Schwarzkopf Ira Sw Plata 60ml,ean:4045787955811,4045787955811,4045787955811,4045787955811,missing,,none,https://images.btswholesaler.com/imgs/productos_cosmetica/imagenes/no_image.webp,0,0,0,0,0,,,1
BTS-351646,121713,bts,SCHWARZKOPF,Schwarzkopf Ira Sw Gris Pizarra 60ml,ean:4045787955859,4045787955859,4045787955859,4045787955859,missing,,none,https://images.btswholesaler.com/imgs/productos_cosmetica/imagenes/no_image.webp,0,0,0,0,0,,,1
BF-B016518,121717,beautyfort,Davidoff,Davidoff Indigo Eau de Toilette 60ml Spray,ean:3616305938497,3616305938497,3616305938497,3616305938497,missing,,none,,1,0,0,0,0,export_ean_only_no_url,,1
BF-Z017422,121718,beautyfort,Gisada,Gisada Ambassador Men Eau de Parfum 100ml Spray,ean:7640164030418,7640164030418,7640164030418,7640164030418,missing,,none,https://www.beautyfort.com/pic/RUlPc2hkWGlmd3RlWWtYRC9YaEI5YXRoTllvMURGSVE%3D,0,0,0,0,0,,,1
BF-R187039,121721,beautyfort,Antonio Banderas,Antonio Banderas The Icon Geschenkset 100 ml EDT + 150 ml Deodorant Spray,ean:8411061045336,8411061045336,8411061045336,8411061045336,missing,,none,https://www.beautyfort.com/pic/YWRxWml5NEs3S0hYTTVWa2xsV3N3VHNEWDVYaTNFdlk%3D,0,0,0,0,0,,,1
BF-B996498,121724,beautyfort,Ellen Tracy,Ellen Tracy Gift Set 100ml EDP + 100ml Body Lotion,ean:0849017013906,0849017013906,849017013906,849017013906,missing,,none,https://www.beautyfort.com/pic/b01MMFAyeWFEK3lnSlJkNWdScGxjcXRoTllvMURGSVE%3D,0,0,0,0,0,,,1
BF-F664251,121725,beautyfort,Ellen Tracy,Ellen Tracy Gift Set 15ml Classic EDP + 15ml Bronze EDP + 15ml Tracy EDP + 15ml Love Notes EDP,ean:0849017015658,0849017015658,849017015658,849017015658,missing,,none,https://www.beautyfort.com/pic/Z0xtU3gzYkVzUDJDR2dSdUR6aXVaS3RoTllvMURGSVE%3D,0,0,0,0,0,,,1
BF-L926122,121726,beautyfort,Nuxe,Nuxe Crème Prodigieuse Geschenk-Set 40ml Multi-Korrektur-Gel-Creme + 50ml Micellar Wasser,ean:3264680029974,3264680029974,3264680029974,3264680029974,missing,,none,https://www.beautyfort.com/pic/WUdJdG1IZ3ptY3p6YW1xV3I4RkdCcXRoTllvMURGSVE%3D,0,0,0,0,0,,,1
BF-A634852,121727,beautyfort,Jimmy Choo,Jimmy Choo Man Geschenkset 50ml EDT + 100ml All Over Duschgel,ean:3386460065443,3386460065443,3386460065443,3386460065443,missing,,none,https://www.beautyfort.com/pic/U0JULzQyQ296V29VZHA5aVI0czVMRHNEWDVYaTNFdlk%3D,0,0,0,0,0,,,1
BF-F738551,121728,beautyfort,Mont Blanc,Mont Blanc Legend Blue Gift Set 100ml EDP + 100ml Shower Gel + 7.5ml EDP,ean:3386460147699,3386460147699,3386460147699,3386460147699,missing,,none,,0,0,0,0,0,,,1
BF-B556521,121729,beautyfort,Mont Blanc,Mont Blanc Legend Blue Gift Set 100ml EDP + 100ml Shower Gel +2x 7.5ml EDP,ean:3386460154376,3386460154376,3386460154376,3386460154376,missing,,none,,0,0,0,0,0,,,1
BF-N5925215,121730,beautyfort,The Kind Edit Co.,The Kind Edit Co. Utopia Happiness Gift Set 100ml Shower Gel + 100ml Body Scrub  + 10g Lip Balm + Toiletry Bag,ean:5055193552541,5055193552541,5055193552541,5055193552541,missing,,none,https://www.beautyfort.com/pic/QWRjUVM0bVR2SzRuQUZXSGtwMzZQYXRoTllvMURGSVE%3D,0,0,0,0,0,,,1
BF-Z771434,121734,beautyfort,Dolce & Gabbana,Dolce & Gabbana K Eau de Parfum Gift Set 100ml EDP + 75g Deodorant Stick + 50ml Shower Gel,ean:8056669924050,8056669924050,8056669924050,8056669924050,missing,,none,,0,0,0,0,0,,,1
BF-L326269,121735,beautyfort,Embark,Embark My Journey Kashmir Eau de Parfum 15ml Spray,ean:8906096161590,8906096161590,8906096161590,8906096161590,missing,,none,https://www.beautyfort.com/pic/eFkxaGhBb0Q3ZklrM2JPS25UaWEzNnRoTllvMURGSVE%3D,0,0,0,0,0,,,1
BF-J738581,121736,beautyfort,Moncler,Moncler Sunrise pour Femme Gift Set 100ml EDP + 100ml Shower Gel + 100ml Body Cream,ean:3386460148979,3386460148979,3386460148979,3386460148979,missing,,none,,0,0,0,0,0,,,1
BF-T974264,121738,beautyfort,Victoria's Secret,Victoria's Secret Pomegranate & Lotus Body Lotion 236ml,ean:0667551556433,0667551556433,667551556433,667551556433,missing,,none,https://www.beautyfort.com/pic/dldkVi9sVjZjSkxHWU8ySFhUSWJGS3RoTllvMURGSVE%3D,0,0,0,0,0,,,1
